{"cameraMode":{"drawMode":0,"name":"Shaded","section":"Shading Mode"},"sceneLighting":true,"audioPlay":false,"sceneViewState":{"showFog":true,"showMaterialUpdate":true,"showSkybox":true,"showFlares":true,"showImageEffects":true,"showParticleSystems":true},"in2DMode":false,"pivot":{"x":-3.695754289627075,"y":1.0627532005310059,"z":1.5236473083496094},"rotation":{"x":-0.1431567519903183,"y":-0.4578118920326233,"z":0.07496676594018936,"w":-0.8742393851280212},"size":2.1750519275665285,"orthographic":false}