{"cameraMode":{"drawMode":0,"name":"Shaded","section":"Shading Mode"},"sceneLighting":false,"audioPlay":false,"sceneViewState":{"showFog":true,"showMaterialUpdate":true,"showSkybox":true,"showFlares":true,"showImageEffects":true,"showParticleSystems":true},"in2DMode":false,"pivot":{"x":-8.972000122070313,"y":1.0540000200271607,"z":1.2990000247955323},"rotation":{"x":-0.11909422278404236,"y":0.2480219453573227,"z":-0.030739417299628259,"w":-0.9609145522117615},"size":1.4852683544158936,"orthographic":false}