{"cameraMode":{"drawMode":0,"name":"Shaded","section":"Shading Mode"},"sceneLighting":false,"audioPlay":false,"sceneViewState":{"showFog":true,"showMaterialUpdate":true,"showSkybox":true,"showFlares":true,"showImageEffects":true,"showParticleSystems":true},"in2DMode":false,"pivot":{"x":-3.273031711578369,"y":1.179339051246643,"z":1.541259527206421},"rotation":{"x":-0.11909422278404236,"y":0.2480219453573227,"z":-0.030739417299628259,"w":-0.9609145522117615},"size":0.7775017619132996,"orthographic":false}