{"cameraMode":{"drawMode":0,"name":"Shaded","section":"Shading Mode"},"sceneLighting":false,"audioPlay":false,"sceneViewState":{"showFog":true,"showMaterialUpdate":true,"showSkybox":true,"showFlares":true,"showImageEffects":true,"showParticleSystems":true},"in2DMode":false,"pivot":{"x":-2.815999984741211,"y":0.9990000128746033,"z":1.5020999908447266},"rotation":{"x":-0.1431567519903183,"y":-0.4578118920326233,"z":0.07496676594018936,"w":-0.8742393851280212},"size":0.7239346504211426,"orthographic":false}